timestamp,task_id,subtask_id,user_id,action,outcome,detail,command,version,input,pr
2026-09-29T12:48:39.401Z,P0001,,297915765,claim_encoding,accepted,,campaign.claimTask,1,"{""task_id"":""P0001""}",1
2026-09-29T12:53:11.891Z,P0001,,297915765,submit_encoding,accepted,,campaign.submitZones,2,"{""task_id"":""P0001"",""measures"":18,""systems"":4,""movements"":1}",2
2026-09-29T12:54:18.525Z,P0001,S0001,297915765,claim_validation,accepted,,campaign.claimValidation,1,"{""task_id"":""P0001"",""subtask_id"":""S0001""}",3
2026-09-29T12:55:45.379Z,P0001,S0001,297915765,submit_validation,accepted,pass,campaign.submitValidation,2,"{""task_id"":""P0001"",""subtask_id"":""S0001"",""verdict"":""pass""}",4
2026-09-29T12:57:46.532Z,P0002,,297915765,claim_encoding,accepted,,campaign.claimTask,1,"{""task_id"":""P0002""}",5
2026-09-29T13:02:21.534Z,P0002,,297915765,submit_encoding,accepted,,campaign.submitScoreSetup,1,"{""task_id"":""P0002"",""staves"":3,""groups"":1,""keysig"":""0"",""meter"":""4/4""}",6
2026-09-29T13:05:07.566Z,P0002,S0001,297915765,claim_validation,accepted,,campaign.claimValidation,1,"{""task_id"":""P0002"",""subtask_id"":""S0001""}",7
2026-09-29T13:13:34.200Z,P0002,S0001,297915765,submit_validation,accepted,pass,campaign.submitValidation,2,"{""task_id"":""P0002"",""subtask_id"":""S0001"",""verdict"":""pass""}",8
2026-09-29T13:15:24.349Z,T0001,,297915765,claim_encoding,accepted,,campaign.openEditor,1,"{""task_id"":""T0001""}",9
2026-09-29T13:17:19.267Z,T0001,,297915765,submit_encoding,accepted,,campaign.submitEncoding,1,"{""task_id"":""T0001""}",10
2026-09-29T13:18:17.278Z,T0001,S0001,297915765,claim_validation,accepted,,campaign.claimValidation,1,"{""task_id"":""T0001"",""subtask_id"":""S0001""}",11
2026-09-29T13:19:28.978Z,T0001,S0001,297915765,submit_validation,accepted,pass,campaign.submitValidation,2,"{""task_id"":""T0001"",""subtask_id"":""S0001"",""verdict"":""pass""}",12
2026-10-05T08:43:15.580Z,T0002,,38179254,claim_encoding,accepted,,campaign.openEditor,1,"{""task_id"":""T0002""}",13
2026-10-05T13:36:22.298Z,T0002,,38179254,submit_encoding,accepted,,campaign.submitEncoding,1,"{""task_id"":""T0002""}",14
2026-10-06T12:18:03.421Z,T0002,S0001,38179254,claim_validation,accepted,,campaign.claimValidation,1,"{""task_id"":""T0002"",""subtask_id"":""S0001""}",15
2026-10-06T13:51:55.374Z,T0002,S0001,38179254,submit_validation,accepted,fail,campaign.submitValidation,2,"{""task_id"":""T0002"",""subtask_id"":""S0001"",""verdict"":""fail""}",16
